DATE,DEXMXUS
2014-09-08,13.0755
2014-09-09,13.2040
2014-09-10,13.2090
2014-09-11,13.2120
2014-09-12,13.2485
2014-09-15,13.2315
2014-09-16,13.1540
2014-09-17,13.1805
2014-09-18,13.2355
2014-09-19,13.2390
2014-09-22,13.2595
2014-09-23,13.2925
2014-09-24,13.2990
2014-09-25,13.3800
2014-09-26,13.4445
2014-09-29,13.4823
2014-09-30,13.4270
2014-10-01,13.4610
2014-10-02,13.4100
2014-10-03,13.4725
2014-10-06,13.3970
2014-10-07,13.4370
2014-10-08,13.4855
2014-10-09,13.3940
2014-10-10,13.4270
2014-10-13,.
2014-10-14,13.4015
2014-10-15,13.5615
2014-10-16,13.5605
2014-10-17,13.5155
2014-10-20,13.5365
2014-10-21,13.5060
2014-10-22,13.5430
2014-10-23,13.5240
2014-10-24,13.5290
2014-10-27,13.5727
2014-10-28,13.4880
2014-10-29,13.4150
2014-10-30,13.4300
2014-10-31,13.4825
2014-11-03,13.5405
2014-11-04,13.5930
2014-11-05,13.5935
2014-11-06,13.6205
2014-11-07,13.5625
2014-11-10,13.5475
2014-11-11,.
2014-11-12,13.5600
2014-11-13,13.6120
2014-11-14,13.5360
2014-11-17,13.5870
2014-11-18,13.5450
2014-11-19,13.6070
2014-11-20,13.6170
2014-11-21,13.6255
2014-11-24,13.6415
2014-11-25,13.6410
2014-11-26,13.7155
2014-11-27,.
2014-11-28,13.9210
2014-12-01,13.9355
2014-12-02,14.0695
2014-12-03,14.0920
2014-12-04,14.1020
2014-12-05,14.3260
2014-12-08,14.4270
2014-12-09,14.3655
2014-12-10,14.5175
2014-12-11,14.7050
2014-12-12,14.7850
2014-12-15,14.7940
2014-12-16,14.7440
2014-12-17,14.5655
2014-12-18,14.5585
2014-12-19,14.6635
2014-12-22,14.6405
2014-12-23,14.7075
2014-12-24,14.7460
2014-12-25,.
2014-12-26,.
2014-12-29,14.7125
2014-12-30,14.7230
2014-12-31,14.7500
2015-01-01,.
2015-01-02,14.8060
2015-01-05,14.9700
2015-01-06,14.8785
2015-01-07,14.7875
2015-01-08,14.6095
2015-01-09,14.5765
2015-01-12,14.6370
2015-01-13,14.5755
2015-01-14,14.5740
2015-01-15,14.5920
2015-01-16,14.6110
2015-01-19,.
2015-01-20,14.6465
2015-01-21,14.7250
2015-01-22,14.6015
2015-01-23,14.6400
2015-01-26,14.5640
2015-01-27,14.5775
2015-01-28,14.6855
2015-01-29,14.8805
2015-01-30,15.0050
2015-02-02,14.8815
2015-02-03,14.7515
2015-02-04,14.7935
2015-02-05,14.7480
2015-02-06,14.9175
2015-02-09,14.8090
2015-02-10,14.9530
2015-02-11,15.1025
2015-02-12,14.8905
2015-02-13,14.8730
2015-02-16,.
2015-02-17,14.8850
2015-02-18,14.9610
2015-02-19,14.9370
2015-02-20,15.0625
2015-02-23,15.0780
2015-02-24,14.9755
2015-02-25,14.9190
2015-02-26,14.9465
2015-02-27,14.9390
2015-03-02,14.9895
2015-03-03,14.9350
2015-03-04,15.0825
2015-03-05,15.1810
2015-03-06,15.4480
2015-03-09,15.4635
2015-03-10,15.5815
2015-03-11,15.4610
2015-03-12,15.3660
2015-03-13,15.4985
2015-03-16,15.4225
2015-03-17,15.4250
2015-03-18,15.4285
2015-03-19,15.3055
2015-03-20,15.0500
2015-03-23,14.9565
2015-03-24,14.9450
2015-03-25,14.9330
2015-03-26,15.0855
2015-03-27,15.1720
2015-03-30,15.2490
2015-03-31,15.2450
2015-04-01,15.1130
2015-04-02,15.0635
2015-04-03,14.8025
2015-04-06,14.8225
2015-04-07,14.9200
2015-04-08,14.9065
2015-04-09,15.0550
2015-04-10,15.1670
2015-04-13,15.3110
2015-04-14,15.2135
2015-04-15,15.3610
2015-04-16,15.2160
2015-04-17,15.3190
2015-04-20,15.3940
2015-04-21,15.3810
2015-04-22,15.4275
2015-04-23,15.3305
2015-04-24,15.3825
2015-04-27,15.3175
2015-04-28,15.2185
2015-04-29,15.1680
2015-04-30,15.3855
2015-05-01,15.5650
2015-05-04,15.5120
2015-05-05,15.3410
2015-05-06,15.2945
2015-05-07,15.3325
2015-05-08,15.1210
2015-05-11,15.2855
2015-05-12,15.2980
2015-05-13,15.2385
2015-05-14,15.1160
2015-05-15,14.9970
2015-05-18,15.1280
2015-05-19,15.1910
2015-05-20,15.1900
2015-05-21,15.2580
2015-05-22,15.2915
2015-05-25,.
2015-05-26,15.3310
2015-05-27,15.3570
2015-05-28,15.3765
2015-05-29,15.3688
2015-06-01,15.4685
2015-06-02,15.4345
2015-06-03,15.4555
2015-06-04,15.5575
2015-06-05,15.6925
2015-06-08,15.6735
2015-06-09,15.5530
2015-06-10,15.4610
2015-06-11,15.3990
2015-06-12,15.3975
2015-06-15,15.4190
2015-06-16,15.4230
2015-06-17,15.4300
2015-06-18,15.2710
2015-06-19,15.3440
2015-06-22,15.3265
2015-06-23,15.3970
2015-06-24,15.4450
2015-06-25,15.4860
2015-06-26,15.5630
2015-06-29,15.6555
2015-06-30,15.6902
2015-07-01,15.7780
2015-07-02,15.6895
2015-07-03,.
2015-07-06,15.7430
2015-07-07,15.8330
2015-07-08,15.8110
2015-07-09,15.7940
2015-07-10,15.7305
2015-07-13,15.7295
2015-07-14,15.6715
2015-07-15,15.7740
2015-07-16,15.7985
2015-07-17,15.9160
2015-07-20,15.9885
2015-07-21,15.9565
2015-07-22,16.1065
2015-07-23,16.1325
2015-07-24,16.2265
2015-07-27,16.2665
2015-07-28,16.2565
2015-07-29,16.1945
2015-07-30,16.4755
2015-07-31,16.0610
2015-08-03,16.1015
2015-08-04,16.1660
2015-08-05,16.3775
2015-08-06,16.3615
2015-08-07,16.1780
2015-08-10,16.1535
2015-08-11,16.3335
2015-08-12,16.2960
2015-08-13,16.3735
2015-08-14,16.3655
2015-08-17,16.3995
2015-08-18,16.4220
2015-08-19,16.5260
2015-08-20,16.6630
2015-08-21,16.9250
2015-08-24,17.0825
2015-08-25,17.0080
2015-08-26,17.0890
2015-08-27,16.8815
2015-08-28,16.7800
2015-08-31,16.7315
2015-09-01,16.8775
2015-09-02,16.9415
2015-09-03,16.7850
2015-09-04,16.8620
2015-09-07,.
2015-09-08,16.7840
2015-09-09,16.8015
2015-09-10,16.7575
2015-09-11,16.8230
2015-09-14,16.7955
2015-09-15,16.7680
2015-09-16,16.5680
2015-09-17,16.5880
2015-09-18,16.5615
2015-09-21,16.6925
2015-09-22,16.8790
2015-09-23,17.1040
2015-09-24,17.0620
2015-09-25,16.9630
2015-09-28,17.0115
2015-09-29,17.0895
2015-09-30,16.8980
2015-10-01,16.8915
2015-10-02,16.8115
2015-10-05,16.6990
2015-10-06,16.6820
2015-10-07,16.5735
2015-10-08,16.5015
2015-10-09,16.4125
2015-10-12,.
2015-10-13,16.5680
2015-10-14,16.5715
2015-10-15,16.4280
2015-10-16,16.3820
2015-10-19,16.5225
2015-10-20,16.5715
2015-10-21,16.6650
2015-10-22,16.5135
2015-10-23,16.5380
2015-10-26,16.4900
2015-10-27,16.5525
2015-10-28,16.4440
2015-10-29,16.6155
2015-10-30,16.5300
2015-11-02,16.4710
2015-11-03,16.3730
2015-11-04,16.5245
2015-11-05,16.5815
2015-11-06,16.8430
2015-11-09,16.8540
2015-11-10,16.7625
2015-11-11,.
2015-11-12,16.7320
2015-11-13,16.6965
2015-11-16,16.8145
2015-11-17,16.7700
2015-11-18,16.7655
2015-11-19,16.5700
2015-11-20,16.5080
2015-11-23,16.5240
2015-11-24,16.4570
2015-11-25,16.5450
2015-11-26,.
2015-11-27,16.5885
2015-11-30,16.6005
2015-12-01,16.5305
2015-12-02,16.5880
2015-12-03,16.7180
2015-12-04,16.6555
2015-12-07,16.9000
2015-12-08,17.0245
2015-12-09,17.0505
2015-12-10,17.0945
2015-12-11,17.3570
2015-12-14,17.3580
2015-12-15,17.1490
2015-12-16,17.1800
2015-12-17,17.1190
2015-12-18,16.9930
2015-12-21,17.1640
2015-12-22,17.1855
2015-12-23,17.1865
2015-12-24,17.2760
2015-12-25,.
2015-12-28,17.2610
2015-12-29,17.2065
2015-12-30,17.3390
2015-12-31,17.1950
2016-01-01,.
2016-01-04,17.3600
2016-01-05,17.3595
2016-01-06,17.4360
2016-01-07,17.6525
2016-01-08,17.9145
2016-01-11,17.9560
2016-01-12,17.9230
2016-01-13,17.8595
2016-01-14,17.8930
2016-01-15,18.2475
2016-01-18,.
2016-01-19,18.1845
2016-01-20,18.5945
2016-01-21,18.4655
2016-01-22,18.4500
2016-01-25,18.5600
2016-01-26,18.4750
2016-01-27,18.3780
2016-01-28,18.3120
2016-01-29,18.2110
2016-02-01,18.2930
2016-02-02,18.4895
2016-02-03,18.3930
2016-02-04,18.2255
2016-02-05,18.3720
2016-02-08,18.6485
2016-02-09,18.8627
2016-02-10,18.8470
2016-02-11,19.1925
2016-02-12,19.0040
2016-02-15,.
2016-02-16,18.7890
2016-02-17,18.2750
2016-02-18,18.1705
2016-02-19,18.2720
2016-02-22,18.0190
2016-02-23,18.2000
2016-02-24,18.2270
2016-02-25,18.1305
2016-02-26,18.1850
2016-02-29,18.0675
2016-03-01,17.9000
2016-03-02,17.8415
2016-03-03,17.9015
2016-03-04,17.7575
2016-03-07,17.7370
2016-03-08,17.9210
2016-03-09,17.7045
2016-03-10,17.8955
2016-03-11,17.6905
2016-03-14,17.7770
2016-03-15,17.9245
2016-03-16,17.9405
2016-03-17,17.3920
2016-03-18,17.2950
2016-03-21,17.3900
2016-03-22,17.3300
2016-03-23,17.5200
2016-03-24,17.6260
2016-03-25,17.5425
2016-03-28,17.4535
2016-03-29,17.4885
2016-03-30,17.2550
2016-03-31,17.2140
2016-04-01,17.3205
2016-04-04,17.4575
2016-04-05,17.7480
2016-04-06,17.6655
2016-04-07,17.9125
2016-04-08,17.7600
2016-04-11,17.6385
2016-04-12,17.5155
2016-04-13,17.4905
2016-04-14,17.3670
2016-04-15,17.5580
2016-04-18,17.4515
2016-04-19,17.2935
2016-04-20,17.2590
2016-04-21,17.4150
2016-04-22,17.4440
2016-04-25,17.6010
2016-04-26,17.3860
2016-04-27,17.3790
2016-04-28,17.2175
2016-04-29,17.1900
2016-05-02,17.2425
2016-05-03,17.5415
2016-05-04,17.7050
2016-05-05,17.7850
2016-05-06,17.9155
2016-05-09,18.1325
2016-05-10,18.0095
2016-05-11,17.9265
2016-05-12,18.0345
2016-05-13,18.1470
2016-05-16,18.2160
2016-05-17,18.2850
2016-05-18,18.3375
2016-05-19,18.5460
2016-05-20,18.3770
2016-05-23,18.4710
2016-05-24,18.4435
2016-05-25,18.4500
2016-05-26,18.4500
2016-05-27,18.4280
2016-05-30,.
2016-05-31,18.4130
2016-06-01,18.5475
2016-06-02,18.6320
2016-06-03,18.6120
2016-06-06,18.6140
2016-06-07,18.4360
2016-06-08,18.1250
2016-06-09,18.2885
2016-06-10,18.5260
2016-06-13,18.8145
2016-06-14,18.9785
2016-06-15,18.8630
2016-06-16,18.9875
2016-06-17,18.8615
2016-06-20,18.6660
2016-06-21,18.6550
2016-06-22,18.5300
2016-06-23,18.3010
2016-06-24,18.8545
2016-06-27,19.1520
2016-06-28,18.9100
2016-06-29,18.5355
2016-06-30,18.4935
2016-07-01,18.3930
2016-07-04,.
2016-07-05,18.7805
2016-07-06,18.7535
2016-07-07,18.8785
2016-07-08,18.5615
2016-07-11,18.4915
2016-07-12,18.2935
2016-07-13,18.4020
2016-07-14,18.3240
2016-07-15,18.5190
2016-07-18,18.4800
2016-07-19,18.5355
2016-07-20,18.5820
2016-07-21,18.6150
2016-07-22,18.6140
2016-07-25,18.7560
2016-07-26,18.7902
2016-07-27,18.8715
2016-07-28,18.9085
2016-07-29,18.7610
2016-08-01,18.8325
2016-08-02,18.9150
2016-08-03,18.9005
2016-08-04,18.8450
2016-08-05,18.8685
2016-08-08,18.5785
2016-08-09,18.3800
2016-08-10,18.3510
2016-08-11,18.2640
2016-08-12,18.2500
2016-08-15,18.0450
2016-08-16,17.9750
2016-08-17,18.2765
2016-08-18,18.0575
2016-08-19,18.2525
2016-08-22,18.3165
2016-08-23,18.3730
2016-08-24,18.4955
2016-08-25,18.4385
2016-08-26,18.2950
2016-08-29,18.5625
2016-08-30,18.7850
2016-08-31,18.8490
2016-09-01,18.8260
2016-09-02,18.6440
2016-09-05,.
2016-09-06,18.3385
2016-09-07,18.3505
2016-09-08,18.6100
2016-09-09,18.8395
2016-09-12,19.0705
2016-09-13,19.1651
2016-09-14,19.2075
2016-09-15,19.2425
2016-09-16,19.6645
2016-09-19,19.6205
2016-09-20,19.8485
2016-09-21,19.8425
2016-09-22,19.5550
2016-09-23,19.7360
2016-09-26,19.8605
2016-09-27,19.4650
2016-09-28,19.5120
2016-09-29,19.3825
2016-09-30,19.3355
2016-10-03,19.3350
2016-10-04,19.2360
2016-10-05,19.2455
2016-10-06,19.2320
2016-10-07,19.3325
2016-10-10,.
2016-10-11,18.9685
2016-10-12,18.9990
2016-10-13,19.0440
2016-10-14,19.0475
2016-10-17,18.8850
2016-10-18,18.6575
2016-10-19,18.5605
2016-10-20,18.5910
2016-10-21,18.6315
2016-10-24,18.5835
2016-10-25,18.4850
2016-10-26,18.6680
2016-10-27,18.8140
2016-10-28,18.7170
2016-10-31,18.7900
2016-11-01,19.1000
2016-11-02,19.3905
2016-11-03,19.2255
2016-11-04,19.1180
2016-11-07,18.6365
2016-11-08,18.4350
2016-11-09,19.7745
2016-11-10,20.4935
2016-11-11,.
2016-11-14,20.8415
2016-11-15,20.3450
2016-11-16,20.2720
2016-11-17,20.1845
2016-11-18,20.4250
2016-11-21,20.4880
2016-11-22,20.5125
2016-11-23,20.6530
2016-11-24,.
2016-11-25,20.6505
2016-11-28,20.5740
2016-11-29,20.5950
2016-11-30,20.4565
2016-12-01,20.7375
2016-12-02,20.6130
2016-12-05,20.5725
2016-12-06,20.3750
2016-12-07,20.3280
2016-12-08,20.3765
2016-12-09,20.3330
2016-12-12,20.2230
2016-12-13,20.2560
2016-12-14,20.2295
2016-12-15,20.6140
2016-12-16,20.4170
2016-12-19,20.4120
2016-12-20,20.4305
2016-12-21,20.5100
2016-12-22,20.7095
2016-12-23,20.6110
2016-12-26,.
2016-12-27,20.7085
2016-12-28,20.7350
2016-12-29,20.6755
2016-12-30,20.6170
2017-01-02,.
2017-01-03,20.9060
2017-01-04,21.3855
2017-01-05,21.3950
2017-01-06,21.2960
2017-01-09,21.3375
2017-01-10,21.6245
2017-01-11,21.8750
2017-01-12,21.7045
2017-01-13,21.5435
2017-01-16,.
2017-01-17,21.5825
2017-01-18,21.8510
2017-01-19,21.8910
2017-01-20,.
2017-01-23,21.4355
2017-01-24,21.3840
2017-01-25,21.3110
2017-01-26,21.2950
2017-01-27,21.0245
2017-01-30,20.7530
2017-01-31,20.8355
2017-02-01,20.8155
2017-02-02,20.6260
2017-02-03,20.3565
2017-02-06,20.5170
2017-02-07,20.6415
2017-02-08,20.4990
2017-02-09,20.4155
2017-02-10,20.3135
2017-02-13,20.3250
2017-02-14,20.3450
2017-02-15,20.2900
2017-02-16,20.3405
2017-02-17,20.4615
2017-02-20,.
2017-02-21,20.4230
2017-02-22,19.9155
2017-02-23,19.7350
2017-02-24,19.8690
2017-02-27,19.8290
2017-02-28,19.9975
2017-03-01,19.8785
2017-03-02,19.9265
2017-03-03,19.5775
2017-03-06,19.5360
2017-03-07,19.5050
2017-03-08,19.6045
2017-03-09,19.7885
2017-03-10,19.6540
2017-03-13,19.5590
2017-03-14,19.6260
2017-03-15,19.4490
2017-03-16,19.1725
2017-03-17,19.1320
2017-03-20,19.0205
2017-03-21,19.0915
2017-03-22,19.0645
2017-03-23,18.9920
2017-03-24,18.8520
2017-03-27,18.8205
2017-03-28,18.8650
2017-03-29,18.8300
2017-03-30,18.6650
2017-03-31,18.8290
2017-04-03,18.7325
2017-04-04,18.8180
2017-04-05,18.7235
2017-04-06,18.7450
2017-04-07,18.6480
2017-04-10,18.6910
2017-04-11,18.7485
2017-04-12,18.7665
2017-04-13,18.5350
2017-04-14,18.5293
2017-04-17,18.5480
2017-04-18,18.4780
2017-04-19,18.8680
2017-04-20,18.8480
2017-04-21,18.8425
2017-04-24,18.6900
2017-04-25,18.9305
2017-04-26,19.1490
2017-04-27,19.1190
2017-04-28,18.9340
2017-05-01,18.7610
2017-05-02,18.7800
2017-05-03,18.7950
2017-05-04,19.0145
2017-05-05,19.0040
2017-05-08,19.1055
2017-05-09,19.1225
2017-05-10,18.9705
2017-05-11,18.8825
2017-05-12,18.7640
2017-05-15,18.6600
2017-05-16,18.6195
2017-05-17,18.6280
2017-05-18,18.9265
2017-05-19,18.6780
2017-05-22,18.6695
2017-05-23,18.6380
2017-05-24,18.5665
2017-05-25,18.4660
2017-05-26,18.4990
2017-05-29,.
2017-05-30,18.6590
2017-05-31,18.6550
2017-06-01,18.5775
2017-06-02,18.6700
2017-06-05,18.3895
2017-06-06,18.2825
2017-06-07,18.2305
2017-06-08,18.1775
2017-06-09,18.1855
2017-06-12,18.1725
2017-06-13,18.0780
2017-06-14,17.9300
2017-06-15,18.0900
2017-06-16,17.9195
2017-06-19,17.9360
2017-06-20,18.1255
2017-06-21,18.1540
2017-06-22,18.1120
2017-06-23,17.9620
2017-06-26,17.8830
2017-06-27,17.9735
2017-06-28,17.8890
2017-06-29,18.0310
2017-06-30,18.0760
2017-07-03,18.2215
2017-07-04,.
2017-07-05,18.3295
2017-07-06,18.3070
2017-07-07,18.1440
2017-07-10,17.9810
2017-07-11,17.9530
2017-07-12,17.7670
2017-07-13,17.7390
2017-07-14,17.5620
2017-07-17,17.6000
2017-07-18,17.4990
2017-07-19,17.4775
2017-07-20,17.5120
2017-07-21,17.5630
2017-07-24,17.6835
2017-07-25,17.7630
2017-07-26,17.7560
2017-07-27,17.6915
2017-07-28,17.7535
2017-07-31,17.8590
2017-08-01,17.8085
2017-08-02,17.8200
2017-08-03,17.8845
2017-08-04,17.8650
2017-08-07,17.9660
2017-08-08,17.9135
2017-08-09,17.9835
2017-08-10,17.8740
2017-08-11,17.8380
2017-08-14,17.7685
2017-08-15,17.8365
2017-08-16,17.7290
2017-08-17,17.7470
2017-08-18,17.7560
2017-08-21,17.6460
2017-08-22,17.6400
2017-08-23,17.7070
2017-08-24,17.7050
2017-08-25,17.6140
2017-08-28,17.8250
2017-08-29,17.8710
2017-08-30,17.7441
2017-08-31,17.7875
2017-09-01,17.7835
2017-09-04,.
2017-09-05,17.8325
2017-09-06,17.7980
2017-09-07,17.7040
2017-09-08,17.7245
2017-09-11,17.6470
2017-09-12,17.7510
2017-09-13,17.7865
2017-09-14,17.7220
2017-09-15,17.6865
2017-09-18,17.7580
2017-09-19,17.7675
2017-09-20,17.6895
2017-09-21,17.8250
2017-09-22,17.7355
2017-09-25,17.9050
2017-09-26,18.0070
2017-09-27,18.1010
2017-09-28,18.2370
2017-09-29,18.1480
2017-10-02,18.2110
2017-10-03,18.2110
2017-10-04,18.2175
2017-10-05,18.3145
2017-10-06,18.5165
2017-10-09,.
2017-10-10,18.6605
2017-10-11,18.6950
2017-10-12,18.7625
2017-10-13,18.8890
2017-10-16,19.0915
2017-10-17,19.0405
2017-10-18,18.9125
2017-10-19,18.8390
2017-10-20,19.0170
2017-10-23,19.0695
2017-10-24,19.1760
2017-10-25,19.1000
2017-10-26,19.0545
2017-10-27,19.1785
2017-10-30,19.1655
2017-10-31,19.1290
2017-11-01,19.1350
2017-11-02,19.0065
2017-11-03,19.1890
2017-11-06,19.0800
2017-11-07,19.1420
2017-11-08,19.0705
2017-11-09,19.0670
2017-11-10,.
2017-11-13,19.1675
2017-11-14,19.1455
2017-11-15,19.2565
2017-11-16,19.1005
2017-11-17,18.9275
2017-11-20,19.0320
2017-11-21,18.8045
2017-11-22,18.7045
2017-11-23,.
2017-11-24,18.5200
2017-11-27,18.5405
2017-11-28,18.5775
2017-11-29,18.5125
2017-11-30,18.6335
2017-12-01,18.6200
2017-12-04,18.6575
2017-12-05,18.7150
2017-12-06,18.8895
2017-12-07,18.9365
2017-12-08,18.9560
2017-12-11,18.9650
2017-12-12,19.1840
2017-12-13,19.1400
2017-12-14,19.1030
2017-12-15,19.1160
2017-12-18,19.0335
2017-12-19,19.2150
2017-12-20,19.2130
2017-12-21,19.3825
2017-12-22,19.5905
2017-12-25,.
2017-12-26,19.7325
2017-12-27,19.7245
2017-12-28,19.7160
2017-12-29,19.6395
2018-01-01,.
2018-01-02,19.4840
2018-01-03,19.3680
2018-01-04,19.2540
2018-01-05,19.2392
2018-01-08,19.2200
2018-01-09,19.3060
2018-01-10,19.2290
2018-01-11,19.3245
2018-01-12,19.0535
2018-01-15,.
2018-01-16,18.8600
2018-01-17,18.6280
2018-01-18,18.6545
2018-01-19,18.5870
2018-01-22,18.7425
2018-01-23,18.7665
2018-01-24,18.5315
2018-01-25,18.4880
2018-01-26,18.5080
2018-01-29,18.5875
2018-01-30,18.6950
2018-01-31,18.6215
2018-02-01,18.3600
2018-02-02,18.5465
2018-02-05,18.5925
2018-02-06,18.6940
2018-02-07,18.6450
2018-02-08,18.9010
2018-02-09,18.8815
2018-02-12,18.6400
2018-02-13,18.6325
2018-02-14,18.6035
2018-02-15,18.5195
2018-02-16,18.4780
2018-02-19,.
2018-02-20,18.6390
2018-02-21,18.6610
2018-02-22,18.6450
2018-02-23,18.5585
2018-02-26,18.654
2018-02-27,18.8068
2018-02-28,18.8405
2018-03-01,18.8115
2018-03-02,18.8455
2018-03-05,18.8635
2018-03-06,18.7365
2018-03-07,18.8055
2018-03-08,18.704
2018-03-09,18.567
2018-03-12,18.6245
2018-03-13,18.5425
2018-03-14,18.6035
2018-03-15,18.7
2018-03-16,18.73
2018-03-19,18.7325
2018-03-20,18.7465
2018-03-21,18.593
2018-03-22,18.53
2018-03-23,18.5705
2018-03-26,18.29
2018-03-27,18.32
2018-03-28,18.26
2018-03-29,18.2385
2018-03-30,18.1676
2018-04-02,18.311
2018-04-03,18.1955
2018-04-04,18.231
2018-04-05,18.127
2018-04-06,18.329
2018-04-09,18.2245
2018-04-10,18.2715
2018-04-11,18.221
2018-04-12,18.151
2018-04-13,18.0795
2018-04-16,18.025
2018-04-17,17.9705
2018-04-18,18.0355
2018-04-19,18.3355
2018-04-20,18.6145
2018-04-23,18.895
2018-04-24,18.795
2018-04-25,19.02
2018-04-26,18.8695
2018-04-27,18.6675
2018-04-30,18.7715
2018-05-01,18.8325
2018-05-02,19.073
2018-05-03,19.1125
2018-05-04,19.1965
2018-05-07,19.448
2018-05-08,19.611
2018-05-09,19.5165
2018-05-10,19.302
2018-05-11,19.365
2018-05-14,19.5085
2018-05-15,19.716
2018-05-16,19.73
2018-05-17,19.74
2018-05-18,19.932
2018-05-21,19.887
2018-05-22,19.714
2018-05-23,19.773
2018-05-24,19.7175
2018-05-25,19.544
2018-05-28,.
2018-05-29,19.736
2018-05-30,19.7
2018-05-31,20.0005
2018-06-01,19.8585
2018-06-04,19.986
2018-06-05,20.372
2018-06-06,20.269
2018-06-07,20.492
2018-06-08,20.4905
2018-06-11,20.526
2018-06-12,20.6127
2018-06-13,20.5919
2018-06-14,20.67
2018-06-15,20.645
2018-06-18,20.66
2018-06-19,20.508
2018-06-20,20.361
2018-06-21,20.391
2018-06-22,20.1025
2018-06-25,20.108
2018-06-26,19.8635
2018-06-27,20.056
2018-06-28,19.83
2018-06-29,19.6495
2018-07-02,20.169
2018-07-03,19.566
2018-07-04,.
2018-07-05,19.2455
2018-07-06,19.0655
2018-07-09,19.165
2018-07-10,19.0165
2018-07-11,18.9955
2018-07-12,18.7855
2018-07-13,18.8845
2018-07-16,18.8425
2018-07-17,18.8715
2018-07-18,18.886
2018-07-19,19.0555
2018-07-20,19.0975
2018-07-23,19.0705
2018-07-24,18.849
2018-07-25,18.799
2018-07-26,18.6375
2018-07-27,18.5595
2018-07-30,18.5375
2018-07-31,18.598
2018-08-01,18.6255
2018-08-02,18.627
2018-08-03,18.5725
2018-08-06,18.5215
2018-08-07,18.4585
2018-08-08,18.478
2018-08-09,18.6805
2018-08-10,18.938
2018-08-13,19.2655
2018-08-14,19.004
2018-08-15,19.2195
2018-08-16,19.0085
2018-08-17,19.0605
2018-08-20,19.0345
2018-08-21,18.868
2018-08-22,18.816
2018-08-23,18.863
2018-08-24,18.818
2018-08-27,18.6615
2018-08-28,18.9225
2018-08-29,19.0415
2018-08-30,19.1575
2018-08-31,19.2135
2018-09-03,.
2018-09-04,19.3505
2018-09-05,19.427
2018-09-06,19.361
2018-09-07,19.211
2018-09-10,19.294
2018-09-11,19.21
2018-09-12,19.0705
2018-09-13,18.88
2018-09-14,18.8695
2018-09-17,18.8455
2018-09-18,18.7372
2018-09-19,18.7545
2018-09-20,18.8665
2018-09-21,18.8375
2018-09-24,18.856
2018-09-25,18.982
2018-09-26,18.8955
2018-09-27,18.829
2018-09-28,18.705
2018-10-01,18.6625
2018-10-02,18.738
2018-10-03,18.834
2018-10-04,19.174
2018-10-05,19.014
2018-10-08,.
2018-10-09,19.0085
2018-10-10,19.0745
2018-10-11,19.0205
2018-10-12,18.9235
2018-10-15,18.8095
2018-10-16,18.774
2018-10-17,18.801
2018-10-18,19.159
2018-10-19,19.2285
2018-10-22,19.3675
2018-10-23,19.4075
2018-10-24,19.4575
2018-10-25,19.413
2018-10-26,19.439
2018-10-29,19.761
2018-10-30,19.9865
2018-10-31,20.255
2018-11-01,20.1325
2018-11-02,20.045
2018-11-05,19.978
2018-11-06,19.856
2018-11-07,19.8
2018-11-08,20.045
2018-11-09,20.3795
2018-11-12,.
2018-11-13,20.45
2018-11-14,20.3565
2018-11-15,20.3135
2018-11-16,20.177
2018-11-19,20.3795
2018-11-20,20.3625
2018-11-21,20.181
2018-11-22,.
2018-11-23,20.44
2018-11-26,20.542
2018-11-27,20.4755
2018-11-28,20.4305
2018-11-29,20.255
2018-11-30,20.2975
2018-12-03,20.2365
2018-12-04,20.496
2018-12-05,.
2018-12-06,20.422
2018-12-07,20.285
2018-12-10,20.3783
2018-12-11,20.2885
2018-12-12,20.1345
2018-12-13,20.2545
2018-12-14,20.2955
2018-12-17,20.1165
2018-12-18,20.1255
2018-12-19,20.026
2018-12-20,19.9275
2018-12-21,19.9275
2018-12-24,.
2018-12-25,.
2018-12-26,19.8836
2018-12-27,19.663
2018-12-28,19.6535
2018-12-31,19.635
2019-01-01,.
2019-01-02,19.6065
2019-01-03,19.6095
2019-01-04,19.44
2019-01-07,19.314
2019-01-08,19.355
2019-01-09,19.231
2019-01-10,19.16
2019-01-11,19.12
2019-01-14,.
2019-01-15,19.0555
2019-01-16,18.97
2019-01-17,19.0535
2019-01-18,19.113
2019-01-21,.
2019-01-22,19.1375
2019-01-23,19.087
2019-01-24,18.986
2019-01-25,18.9275
2019-01-28,19.0405
2019-01-29,18.985
2019-01-30,19.1635
2019-01-31,19.0525
2019-02-01,19.1275
2019-02-04,19.0405
2019-02-05,19.083
2019-02-06,19.1075
2019-02-07,19.11
2019-02-08,19.106
2019-02-11,19.282
2019-02-12,19.2455
2019-02-13,19.405
2019-02-14,19.3485
2019-02-15,19.336
2019-02-18,.
2019-02-19,19.1855
2019-02-20,.
2019-02-21,19.2835
2019-02-22,19.131
2019-02-25,19.094
2019-02-26,19.155
2019-02-27,19.2095
2019-02-28,19.265
2019-03-01,19.3065
2019-03-04,19.3
2019-03-05,19.275
2019-03-06,19.3815
2019-03-07,19.5795
2019-03-08,19.4835
2019-03-11,19.4275
2019-03-12,19.3005
2019-03-13,19.335
2019-03-14,19.3
2019-03-15,19.215
2019-03-18,19.113
2019-03-19,18.9925
2019-03-20,18.895
2019-03-21,18.855
2019-03-22,19.164
2019-03-25,18.995
2019-03-26,19.1035
2019-03-27,19.342
2019-03-28,19.3665
2019-03-29,19.398
2019-04-01,19.214
2019-04-02,19.2245
2019-04-03,19.1685
2019-04-04,19.1775
2019-04-05,19.0735
2019-04-08,18.9615
2019-04-09,18.905
2019-04-10,18.8285
2019-04-11,18.8525
2019-04-12,18.7555
2019-04-15,18.861
2019-04-16,18.962
2019-04-17,18.8405
2019-04-18,18.758
2019-04-19,18.7705
2019-04-22,18.837
2019-04-23,18.949
2019-04-24,19.01
2019-04-25,19.0965
2019-04-26,18.951
2019-04-29,19.0185
2019-04-30,18.9945
2019-05-01,18.8515
2019-05-02,19.126
2019-05-03,18.982
2019-05-06,18.9775
2019-05-07,19.0425
2019-05-08,19.07
2019-05-09,19.274
2019-05-10,19.1385
2019-05-13,19.1955
2019-05-14,19.1455
2019-05-15,19.061
2019-05-16,19.073
2019-05-17,19.1665
2019-05-20,19.1
2019-05-21,19.036
2019-05-22,18.983
2019-05-23,19.017
2019-05-24,19.062
2019-05-27,.
2019-05-28,19.1735
2019-05-29,19.225
2019-05-30,19.0895
2019-05-31,19.652
2019-06-03,19.768
2019-06-04,19.556
2019-06-05,19.551
2019-06-06,19.7198
2019-06-07,19.6675
2019-06-10,19.181
2019-06-11,19.1315
2019-06-12,19.153
2019-06-13,19.176
2019-06-14,19.13
2019-06-17,19.171
2019-06-18,19.1185
2019-06-19,19.167
2019-06-20,18.9905
2019-06-21,19.077
2019-06-24,19.181
2019-06-25,19.2205
2019-06-26,19.125
2019-06-27,19.163
2019-06-28,19.2089
2019-07-01,19.076
2019-07-02,19.079
2019-07-03,19.0435
2019-07-04,.
2019-07-05,19.032
2019-07-08,18.904
2019-07-09,18.894
2019-07-10,19.227
2019-07-11,19.0995
2019-07-12,19.0255
2019-07-15,18.97
2019-07-16,19.0855
2019-07-17,19.009
2019-07-18,19.0
2019-07-19,19.0145
2019-07-22,19.07
2019-07-23,19.1318
2019-07-24,19.09
2019-07-25,19.04
2019-07-26,19.069
2019-07-29,19.067
2019-07-30,19.075
2019-07-31,18.993
2019-08-01,19.17
2019-08-02,19.3115
2019-08-05,19.5545
2019-08-06,19.6125
2019-08-07,19.6825
2019-08-08,19.4935
2019-08-09,19.443
2019-08-12,19.5525
2019-08-13,19.421
2019-08-14,19.6323
2019-08-15,19.6335
2019-08-16,19.557
2019-08-19,19.811
2019-08-20,19.7565
2019-08-21,19.6652
2019-08-22,19.74
2019-08-23,19.8645
2019-08-26,19.9175
2019-08-27,20.0055
2019-08-28,20.012
2019-08-29,20.1185
2019-08-30,20.0674
2019-09-02,.
2019-09-03,19.992
2019-09-04,19.779
2019-09-05,19.6935
2019-09-06,19.5575
2019-09-09,19.5365
2019-09-10,19.5005
2019-09-11,19.55
2019-09-12,19.421
2019-09-13,19.3555
2019-09-16,19.428
2019-09-17,19.417
2019-09-18,19.348
2019-09-19,19.405
2019-09-20,19.44
2019-09-23,19.442
2019-09-24,19.4485
2019-09-25,19.56
2019-09-26,19.6435
2019-09-27,19.681
2019-09-30,19.742
2019-10-01,19.7755
2019-10-02,19.776
2019-10-03,19.6985
2019-10-04,19.5385
2019-10-07,19.55
2019-10-08,19.582
2019-10-09,19.575
2019-10-10,19.4575
2019-10-11,19.3316
2019-10-14,.
2019-10-15,19.248
2019-10-16,19.199
2019-10-17,19.155
2019-10-18,19.141
2019-10-21,19.146
2019-10-22,19.1
2019-10-23,19.113
2019-10-24,19.101
2019-10-25,19.049
2019-10-28,19.046
2019-10-29,19.101
2019-10-30,19.167
2019-10-31,19.174
2019-11-01,19.099
2019-11-04,19.166
2019-11-05,19.219
2019-11-06,19.2
2019-11-07,19.128
2019-11-08,19.108
2019-11-11,.
2019-11-12,19.27
2019-11-13,19.426
2019-11-14,19.44
2019-11-15,19.205
2019-11-18,19.253
2019-11-19,19.342
2019-11-20,19.48
2019-11-21,19.422
2019-11-22,19.402
2019-11-25,19.462
2019-11-26,19.493
2019-11-27,19.537
2019-11-28,.
2019-11-29,19.543
2019-12-02,19.567
2019-12-03,19.555
2019-12-04,19.482
2019-12-05,19.364
2019-12-06,19.331
2019-12-09,19.229
2019-12-10,19.214
2019-12-11,19.178
2019-12-12,19.089
2019-12-13,19.066
2019-12-16,18.981
2019-12-17,18.91
2019-12-18,18.958
2019-12-19,18.941
2019-12-20,18.914
2019-12-23,18.931
2019-12-24,18.955
2019-12-25,.
2019-12-26,18.944
2019-12-27,18.819
2019-12-30,18.863
2019-12-31,18.86
2020-01-01,.
2020-01-02,18.889
2020-01-03,18.865
2020-01-06,18.821
2020-01-07,18.876
2020-01-08,18.773
2020-01-09,18.83
2020-01-10,18.768
2020-01-13,18.82
2020-01-14,18.804
2020-01-15,18.81
2020-01-16,18.777
2020-01-17,18.728
2020-01-20,.
2020-01-21,18.702
2020-01-22,18.693
2020-01-23,18.833
2020-01-24,18.845
2020-01-27,18.9599
2020-01-28,18.78
2020-01-29,18.6762
2020-01-30,18.799
2020-01-31,18.89
2020-02-03,18.79
2020-02-04,18.676
2020-02-05,18.62
2020-02-06,18.67
2020-02-07,18.755
2020-02-10,18.767
2020-02-11,18.694
2020-02-12,18.627
2020-02-13,18.642
2020-02-14,18.57
2020-02-17,.
2020-02-18,18.589
2020-02-19,18.588
2020-02-20,18.82
2020-02-21,18.813
2020-02-24,19.089
2020-02-25,19.054
2020-02-26,19.163
2020-02-27,19.347
2020-02-28,19.73
2020-03-02,19.583
2020-03-03,19.33
2020-03-04,19.533
2020-03-05,19.825
2020-03-06,20.171
2020-03-09,20.926
2020-03-10,21.051
2020-03-11,21.205
2020-03-12,22.326
2020-03-13,21.885
2020-03-16,22.613
2020-03-17,23.14
2020-03-18,23.72
2020-03-19,24.087
2020-03-20,24.026
2020-03-23,25.127
2020-03-24,25.132
2020-03-25,24.395
2020-03-26,23.13
2020-03-27,23.41
2020-03-30,24.265
2020-03-31,23.448
2020-04-01,24.453
2020-04-02,24.034
2020-04-03,24.69
2020-04-06,24.628
2020-04-07,24.035
2020-04-08,24.039
2020-04-09,23.625
2020-04-10,23.42
2020-04-13,23.723
2020-04-14,23.599
2020-04-15,24.064
2020-04-16,24.124
2020-04-17,23.831
2020-04-20,24.037
2020-04-21,24.433
2020-04-22,24.585
2020-04-23,24.682
2020-04-24,24.8225
2020-04-27,24.832
2020-04-28,24.394
2020-04-29,23.927
2020-04-30,23.979
2020-05-01,24.8066
2020-05-04,24.3853
2020-05-05,23.7938
2020-05-06,24.295
2020-05-07,23.961
2020-05-08,23.619
2020-05-11,23.913
2020-05-12,24.037
2020-05-13,24.311
2020-05-14,24.172
2020-05-15,24.0493
2020-05-18,23.59
2020-05-19,23.614
2020-05-20,23.215
2020-05-21,22.924
2020-05-22,22.738
2020-05-25,.
2020-05-26,22.336
2020-05-27,22.358
2020-05-28,22.191
2020-05-29,22.17
2020-06-01,21.991
2020-06-02,21.722
2020-06-03,21.635
2020-06-04,21.851
2020-06-05,21.545
2020-06-08,21.638
2020-06-09,21.728
2020-06-10,21.941
2020-06-11,22.521
2020-06-12,22.298
2020-06-15,22.521
2020-06-16,22.175
2020-06-17,22.368
2020-06-18,22.669
2020-06-19,22.61
2020-06-22,22.457
2020-06-23,22.389
2020-06-24,22.7116
2020-06-25,22.83
2020-06-26,22.946
2020-06-29,23.123
2020-06-30,23.0821
2020-07-01,22.823
2020-07-02,22.52
2020-07-03,.
2020-07-06,22.275
2020-07-07,22.636
2020-07-08,22.855
2020-07-09,22.702
2020-07-10,22.507
2020-07-13,22.432
2020-07-14,22.592
2020-07-15,22.371
2020-07-16,22.288
2020-07-17,22.48
2020-07-20,22.58
2020-07-21,22.319
2020-07-22,22.256
2020-07-23,22.314
2020-07-24,22.363
2020-07-27,22.013
2020-07-28,21.957
2020-07-29,22.003
2020-07-30,22.183
2020-07-31,22.226
2020-08-03,22.574
2020-08-04,22.746
2020-08-05,22.423
2020-08-06,22.359
2020-08-07,22.483
2020-08-10,22.493
2020-08-11,22.338
2020-08-12,22.318
2020-08-13,22.28
2020-08-14,22.019
2020-08-17,22.042
2020-08-18,22.18
2020-08-19,22.046
2020-08-20,22.148
2020-08-21,22.042
2020-08-24,21.974
2020-08-25,21.961
2020-08-26,21.945
2020-08-27,22.115
2020-08-28,21.87
2020-08-31,21.88
2020-09-01,21.751
2020-09-02,21.832
2020-09-03,21.663
2020-09-04,21.595
2020-09-07,.
2020-09-08,21.732
2020-09-09,21.52
2020-09-10,21.285
2020-09-11,21.327
2020-09-14,21.123
2020-09-15,21.055
2020-09-16,21.05
2020-09-17,20.993
2020-09-18,20.949
2020-09-21,21.516
2020-09-22,21.585
2020-09-23,22.116
2020-09-24,22.28
2020-09-25,22.451
2020-09-28,22.507
2020-09-29,22.466
2020-09-30,22.091
2020-10-01,21.976
2020-10-02,21.72
2020-10-05,21.4301
2020-10-06,21.521
2020-10-07,21.533
2020-10-08,21.416
2020-10-09,21.153
2020-10-12,.
2020-10-13,21.392
2020-10-14,21.346
2020-10-15,21.394
2020-10-16,21.174
2020-10-19,21.1369
2020-10-20,21.065
2020-10-21,21.0896
2020-10-22,21.026
2020-10-23,20.8961
2020-10-26,20.958
2020-10-27,20.867
2020-10-28,21.152
2020-10-29,21.367
2020-10-30,21.276
2020-11-02,21.457
2020-11-03,21.156
2020-11-04,20.936
2020-11-05,20.834
2020-11-06,20.63
2020-11-09,20.4
2020-11-10,20.433
2020-11-11,.
2020-11-12,20.517
2020-11-13,20.45
2020-11-16,20.302
2020-11-17,20.306
2020-11-18,20.246
2020-11-19,20.183
2020-11-20,20.083
2020-11-23,20.109
2020-11-24,20.012
2020-11-25,20.015
2020-11-26,.
2020-11-27,.
2020-11-30,20.15
2020-12-01,20.047
2020-12-02,20.047
2020-12-03,19.887
2020-12-04,19.744
2020-12-07,19.81
2020-12-08,19.715
2020-12-09,19.852
2020-12-10,19.987
2020-12-11,20.093
2020-12-14,20.218
2020-12-15,20.083
2020-12-16,19.95
2020-12-17,19.788
2020-12-18,19.9813
2020-12-21,20.04
2020-12-22,20.054
2020-12-23,20.08
2020-12-24,.
2020-12-25,.
2020-12-28,20.061
2020-12-29,19.905
2020-12-30,19.934
2020-12-31,19.892
2021-01-01,.
2021-01-04,19.938
2021-01-05,19.92
2021-01-06,19.713
2021-01-07,19.928
2021-01-08,19.941
2021-01-11,20.076
2021-01-12,19.927
2021-01-13,19.788
2021-01-14,19.723
2021-01-15,19.747
2021-01-18,.
2021-01-19,19.6642
2021-01-20,.
2021-01-21,19.727
2021-01-22,19.925
2021-01-25,20.14
2021-01-26,20.08
2021-01-27,20.22
2021-01-28,20.23
2021-01-29,20.255
2021-02-01,20.356
2021-02-02,20.151
2021-02-03,20.217
2021-02-04,20.457
2021-02-05,20.13
2021-02-08,20.112
2021-02-09,20.097
2021-02-10,20.05
2021-02-11,19.96
2021-02-12,19.93
2021-02-15,.
2021-02-16,20.218
2021-02-17,20.186
2021-02-18,20.436
2021-02-19,20.4
2021-02-22,20.672
2021-02-23,20.604
2021-02-24,20.46
2021-02-25,20.891
2021-02-26,20.935
2021-03-01,20.607
2021-03-02,20.624
2021-03-03,20.9203
2021-03-04,20.8206
2021-03-05,21.277
2021-03-08,21.45
2021-03-09,21.258
2021-03-10,20.95
2021-03-11,20.696
2021-03-12,20.7411
2021-03-15,20.742
2021-03-16,20.567
2021-03-17,20.672
2021-03-18,20.44
2021-03-19,20.4971
2021-03-22,20.588
2021-03-23,20.629
2021-03-24,20.793
2021-03-25,20.783
2021-03-26,20.573
2021-03-29,20.585
2021-03-30,20.597
2021-03-31,20.441
2021-04-01,20.3358
2021-04-02,20.305
2021-04-05,20.242
2021-04-06,20.141
2021-04-07,20.18
2021-04-08,20.09
2021-04-09,20.162
2021-04-12,20.101
2021-04-13,20.052
2021-04-14,20.058
2021-04-15,19.918
2021-04-16,19.912
2021-04-19,19.811
2021-04-20,19.872
2021-04-21,19.884
2021-04-22,19.874
2021-04-23,19.852
2021-04-26,19.843
2021-04-27,19.974
2021-04-28,19.942
2021-04-29,20.109
2021-04-30,20.169
2021-05-03,20.2
2021-05-04,20.256
2021-05-05,20.216
2021-05-06,20.177
2021-05-07,19.901
2021-05-10,19.87
2021-05-11,19.855
2021-05-12,20.116
2021-05-13,20.046
2021-05-14,19.86
2021-05-17,19.8
2021-05-18,19.828
2021-05-19,19.8
2021-05-20,19.877
2021-05-21,19.94
2021-05-24,19.863
2021-05-25,19.888
2021-05-26,19.894
2021-05-27,19.97
2021-05-28,19.93
2021-05-31,.
2021-06-01,19.897
2021-06-02,19.895
2021-06-03,20.065
2021-06-04,19.927
2021-06-07,19.78
2021-06-08,19.772
2021-06-09,19.686
2021-06-10,19.675
2021-06-11,19.961
2021-06-14,19.915
2021-06-15,20.169
2021-06-16,20.044
2021-06-17,20.468
2021-06-18,20.671
2021-06-21,20.597
2021-06-22,20.583
2021-06-23,20.26
2021-06-24,20.044
2021-06-25,19.793
2021-06-28,19.78
2021-06-29,19.802
2021-06-30,19.906
2021-07-01,19.987
2021-07-02,19.844
2021-07-05,.
2021-07-06,19.984
2021-07-07,19.987
2021-07-08,19.965
2021-07-09,19.881
2021-07-12,19.844
2021-07-13,19.991
2021-07-14,19.892
2021-07-15,19.928
2021-07-16,19.838
2021-07-19,20.0
2021-07-20,20.147
2021-07-21,20.153
2021-07-22,20.1934
2021-07-23,20.03
2021-07-26,20.01
2021-07-27,19.975
2021-07-28,19.941
2021-07-29,19.859
2021-07-30,19.846
2021-08-02,19.856
2021-08-03,19.896
2021-08-04,19.969
2021-08-05,19.9252
2021-08-06,20.018
2021-08-09,20.067
2021-08-10,20.086
2021-08-11,19.956
2021-08-12,19.891
2021-08-13,19.862
2021-08-16,19.885
2021-08-17,19.983
2021-08-18,20.011
2021-08-19,20.111
2021-08-20,20.425
2021-08-23,20.364
2021-08-24,20.318
2021-08-25,20.266
2021-08-26,20.357
2021-08-27,20.202
2021-08-30,20.127
2021-08-31,20.074
2021-09-01,19.964
2021-09-02,19.967
2021-09-03,19.889
2021-09-06,.
2021-09-07,19.944
2021-09-08,19.937
2021-09-09,19.93
2021-09-10,19.864
2021-09-13,19.868
2021-09-14,19.898
2021-09-15,19.898
2021-09-16,19.937
2021-09-17,19.9841
2021-09-20,20.161
2021-09-21,20.117
2021-09-22,20.013
2021-09-23,20.025
2021-09-24,20.094
2021-09-27,20.0935
2021-09-28,20.331
2021-09-29,20.491
2021-09-30,20.562
2021-10-01,20.491
2021-10-04,20.534
2021-10-05,20.562
2021-10-06,20.646
2021-10-07,20.593
2021-10-08,20.746
2021-10-11,.
2021-10-12,20.768
2021-10-13,20.648
2021-10-14,20.592
2021-10-15,20.452
2021-10-18,20.316
2021-10-19,20.267
2021-10-20,20.169
2021-10-21,20.269
2021-10-22,20.212
2021-10-25,20.211
2021-10-26,20.219
2021-10-27,20.22
2021-10-28,20.332
2021-10-29,20.551
2021-11-01,20.851
2021-11-02,20.75
2021-11-03,20.827
2021-11-04,20.629
2021-11-05,20.425
2021-11-08,20.336
2021-11-09,20.28
2021-11-10,20.468
2021-11-11,.
2021-11-12,20.519
2021-11-15,20.627
2021-11-16,20.823
2021-11-17,20.691
2021-11-18,20.727
2021-11-19,20.799
2021-11-22,20.972
2021-11-23,21.239
2021-11-24,21.397
2021-11-25,.
2021-11-26,21.853
2021-11-29,21.73
2021-11-30,21.453
2021-12-01,21.305
2021-12-02,21.309
2021-12-03,21.439
2021-12-06,21.222
2021-12-07,21.047
2021-12-08,20.959
2021-12-09,21.012
2021-12-10,20.873
2021-12-13,20.954
2021-12-14,21.198
2021-12-15,21.23
2021-12-16,20.872
2021-12-17,20.731
2021-12-20,20.738
2021-12-21,20.806
2021-12-22,20.749
2021-12-23,20.648
2021-12-24,.
2021-12-27,20.676
2021-12-28,20.581
2021-12-29,20.583
2021-12-30,20.514
2021-12-31,.
2022-01-03,20.57
2022-01-04,20.501
2022-01-05,20.439
2022-01-06,20.435
2022-01-07,20.397
2022-01-10,20.455
2022-01-11,20.353
2022-01-12,20.367
2022-01-13,20.36
2022-01-14,20.316
2022-01-17,.
2022-01-18,20.378
2022-01-19,20.47
2022-01-20,20.423
2022-01-21,20.468
2022-01-24,20.659
2022-01-25,20.677
2022-01-26,20.648
2022-01-27,20.76
2022-01-28,20.834
2022-01-31,20.637
2022-02-01,20.569
2022-02-02,20.5898
2022-02-03,20.554
2022-02-04,20.718
2022-02-07,20.644
2022-02-08,20.636
2022-02-09,20.5
2022-02-10,20.433
2022-02-11,20.406
2022-02-14,20.402
2022-02-15,20.363
2022-02-16,20.312
2022-02-17,20.285
2022-02-18,20.299
2022-02-21,.
2022-02-22,20.282
2022-02-23,20.245
2022-02-24,20.643
2022-02-25,20.415
2022-02-28,20.403
2022-03-01,20.579
2022-03-02,20.619
2022-03-03,20.714
2022-03-04,20.936
2022-03-07,21.236
2022-03-08,21.396
2022-03-09,20.952
2022-03-10,20.974
2022-03-11,20.964
2022-03-14,20.906
2022-03-15,20.885
2022-03-16,20.728
2022-03-17,20.551
2022-03-18,20.404
2022-03-21,20.286
2022-03-22,20.265
2022-03-23,20.17
2022-03-24,20.12
2022-03-25,19.94
2022-03-28,20.14
2022-03-29,20.012
2022-03-30,19.833
2022-03-31,19.911
2022-04-01,19.837
2022-04-04,19.745
2022-04-05,19.932
2022-04-06,20.045
2022-04-07,20.16
2022-04-08,20.077
2022-04-11,20.01
2022-04-12,19.841
2022-04-13,19.802
2022-04-14,19.99
2022-04-15,19.953
2022-04-18,19.9311
2022-04-19,20.05
2022-04-20,19.999
2022-04-21,20.165
2022-04-22,20.312
2022-04-25,20.256
2022-04-26,20.434
2022-04-27,20.448
2022-04-28,20.561
2022-04-29,20.359
2022-05-02,20.431
2022-05-03,20.346
2022-05-04,20.226
2022-05-05,20.291
2022-05-06,20.111
2022-05-09,20.302
2022-05-10,20.403
2022-05-11,20.254
2022-05-12,20.306
2022-05-13,20.127
2022-05-16,20.057
2022-05-17,19.973
2022-05-18,19.993
2022-05-19,19.925
2022-05-20,19.863
2022-05-23,19.828
2022-05-24,19.879
2022-05-25,19.837
2022-05-26,19.801
2022-05-27,19.575
2022-05-30,.
2022-05-31,19.68
2022-06-01,19.75
2022-06-02,19.555
2022-06-03,19.601
2022-06-06,19.594
2022-06-07,19.601
2022-06-08,19.57
2022-06-09,19.612
2022-06-10,19.914
2022-06-13,20.411
2022-06-14,20.671
2022-06-15,20.661
2022-06-16,20.541
2022-06-17,20.429
2022-06-20,.
2022-06-21,20.195
2022-06-22,20.047
2022-06-23,20.012
2022-06-24,19.906
2022-06-27,19.879
2022-06-28,19.983
2022-06-29,20.163
2022-06-30,20.118
2022-07-01,20.318
2022-07-04,.
2022-07-05,20.551
2022-07-06,20.694
2022-07-07,20.599
2022-07-08,20.444
2022-07-11,20.735
2022-07-12,20.749
2022-07-13,20.725
2022-07-14,20.858
2022-07-15,20.578
2022-07-18,20.389
2022-07-19,20.464
2022-07-20,20.469
2022-07-21,20.663
2022-07-22,20.502
2022-07-25,20.464
2022-07-26,20.472
2022-07-27,20.507
2022-07-28,20.383
2022-07-29,20.363
2022-08-01,20.251
2022-08-02,20.52
2022-08-03,20.553
2022-08-04,20.328
2022-08-05,20.394
2022-08-08,20.2912
2022-08-09,20.281
2022-08-10,19.964
2022-08-11,19.922
2022-08-12,19.869
2022-08-15,19.84
2022-08-16,19.918
2022-08-17,20.067
2022-08-18,20.085
2022-08-19,20.186
2022-08-22,20.163
2022-08-23,20.017
2022-08-24,19.896
2022-08-25,19.944
2022-08-26,19.913
2022-08-29,20.015
2022-08-30,20.095
2022-08-31,20.086
2022-09-01,20.22
2022-09-02,19.927
2022-09-05,.
2022-09-06,20.109
2022-09-07,20.026
2022-09-08,19.985
2022-09-09,19.887
2022-09-12,19.8
2022-09-13,20.066
2022-09-14,19.953
2022-09-15,20.067
2022-09-16,20.017
2022-09-19,20.0
2022-09-20,19.995
2022-09-21,19.995
2022-09-22,19.964
2022-09-23,20.176
2022-09-26,20.373
2022-09-27,20.316
2022-09-28,20.305
2022-09-29,20.15
2022-09-30,20.115
2022-10-03,20.033
2022-10-04,19.97
2022-10-05,20.107
2022-10-06,20.111
2022-10-07,20.03
2022-10-10,.
2022-10-11,19.947
2022-10-12,20.025
2022-10-13,19.992
2022-10-14,20.068
2022-10-17,19.978
2022-10-18,20.04
2022-10-19,20.126
2022-10-20,20.031
2022-10-21,19.898
2022-10-24,19.945
2022-10-25,19.867
2022-10-26,19.866
2022-10-27,19.838
2022-10-28,19.824
2022-10-31,19.848
2022-11-01,19.735
2022-11-02,19.665
2022-11-03,19.675
2022-11-04,19.532
2022-11-07,19.467
2022-11-08,19.464
2022-11-09,19.571
2022-11-10,19.37
2022-11-11,.
2022-11-14,19.392
2022-11-15,19.381
2022-11-16,19.314
2022-11-17,19.44
2022-11-18,19.487
2022-11-21,19.542
2022-11-22,19.451
2022-11-23,19.373
2022-11-24,.
2022-11-25,19.333
2022-11-28,19.308
2022-11-29,19.22
2022-11-30,19.366
2022-12-01,19.15
2022-12-02,19.342
2022-12-05,19.76
2022-12-06,19.845
2022-12-07,19.702
2022-12-08,19.673
2022-12-09,19.797
2022-12-12,19.821
2022-12-13,19.641
2022-12-14,19.698
2022-12-15,19.786
2022-12-16,19.787
2022-12-19,19.726
2022-12-20,19.795
2022-12-21,19.715
2022-12-22,19.592
2022-12-23,19.43
2022-12-26,.
2022-12-27,19.4
2022-12-28,19.398
2022-12-29,19.357
2022-12-30,19.496
2023-01-02,.
2023-01-03,19.421
2023-01-04,19.33
2023-01-05,19.375
2023-01-06,19.172
2023-01-09,19.176
2023-01-10,19.105
2023-01-11,19.018
2023-01-12,18.875
2023-01-13,18.785
2023-01-16,.
2023-01-17,18.74
2023-01-18,18.748
2023-01-19,19.066
2023-01-20,18.912
2023-01-23,18.824
2023-01-24,18.841
2023-01-25,18.844
2023-01-26,18.836
2023-01-27,18.773
2023-01-30,18.77
2023-01-31,18.798
2023-02-01,18.708
2023-02-02,18.618
2023-02-03,18.883
2023-02-06,19.21
2023-02-07,19.03
2023-02-08,18.957
2023-02-09,18.959
2023-02-10,18.708
2023-02-13,18.626
2023-02-14,18.541
2023-02-15,18.601
2023-02-16,18.513
2023-02-17,18.416
2023-02-20,.
2023-02-21,18.392
2023-02-22,18.35
2023-02-23,18.435
2023-02-24,18.399
2023-02-27,18.408
2023-02-28,18.345
2023-03-01,18.095
2023-03-02,18.112
2023-03-03,18.013
2023-03-06,18.015
2023-03-07,18.131
2023-03-08,17.949
2023-03-09,18.086
2023-03-10,18.359
2023-03-13,18.77
2023-03-14,18.719
2023-03-15,18.957
2023-03-16,18.913
2023-03-17,18.98
2023-03-20,18.82
2023-03-21,18.67
2023-03-22,18.527
2023-03-23,18.489
2023-03-24,18.498
2023-03-27,18.392
2023-03-28,18.242
2023-03-29,18.094
2023-03-30,18.095
2023-03-31,18.025
2023-04-03,18.114
2023-04-04,18.158
2023-04-05,18.308
2023-04-06,18.211
2023-04-07,18.135
2023-04-10,18.161
2023-04-11,18.195
2023-04-12,18.071
2023-04-13,18.01
2023-04-14,18.049
2023-04-17,18.1014
2023-04-18,18.0679
2023-04-19,18.0427
2023-04-20,18.0136
2023-04-21,18.01
2023-04-24,18.0074
2023-04-25,18.066
2023-04-26,18.1074
2023-04-27,18.0706
2023-04-28,17.9973
2023-05-01,17.9157
2023-05-02,18.057
2023-05-03,17.896
2023-05-04,17.956
2023-05-05,17.7481
2023-05-08,17.8197
2023-05-09,17.7453
2023-05-10,17.6074
2023-05-11,17.612
2023-05-12,17.6024
2023-05-15,17.554
2023-05-16,17.4297
2023-05-17,17.5912
2023-05-18,17.7162
2023-05-19,17.692
2023-05-22,17.8395
2023-05-23,17.9628
2023-05-24,17.812
2023-05-25,17.8332
2023-05-26,17.6647
2023-05-29,.
2023-05-30,17.673
2023-05-31,17.7488
2023-06-01,17.5493
2023-06-02,17.4976
2023-06-05,17.464
2023-06-06,17.4124
2023-06-07,17.3411
2023-06-08,17.4095
2023-06-09,17.2912
2023-06-12,17.308
2023-06-13,17.214
2023-06-14,17.11
2023-06-15,17.1787
2023-06-16,17.0765
2023-06-19,.
2023-06-20,17.1908
2023-06-21,17.1601
2023-06-22,17.1472
2023-06-23,17.1723
2023-06-26,17.1345
2023-06-27,17.0833
2023-06-28,17.0731
2023-06-29,17.0976
2023-06-30,17.1439
2023-07-03,17.0578
2023-07-04,.
2023-07-05,16.9966
2023-07-06,17.2568
2023-07-07,17.1073
2023-07-10,17.0485
2023-07-11,17.0853
2023-07-12,16.848
2023-07-13,16.8998
2023-07-14,16.8002
2023-07-17,16.8047
2023-07-18,16.7423
2023-07-19,16.759
2023-07-20,16.8359
2023-07-21,16.9228
2023-07-24,16.8164
2023-07-25,16.9099
2023-07-26,16.8769
2023-07-27,16.7073
2023-07-28,16.6635
2023-07-31,16.7183
2023-08-01,16.8414
2023-08-02,17.043
2023-08-03,17.3356
2023-08-04,17.0579
2023-08-07,17.0564
2023-08-08,17.1512
2023-08-09,17.076
2023-08-10,16.941
2023-08-11,16.995
2023-08-14,17.0746
2023-08-15,17.1114
2023-08-16,17.064
2023-08-17,17.116
2023-08-18,17.0598
2023-08-21,17.031
2023-08-22,16.9166
2023-08-23,16.7987
2023-08-24,16.818
2023-08-25,16.797
2023-08-28,16.7116
2023-08-29,16.8436
2023-08-30,16.7435
2023-08-31,16.881
2023-09-01,17.1523
2023-09-04,.
2023-09-05,17.3392
2023-09-06,17.549
2023-09-07,17.5396
2023-09-08,17.571
2023-09-11,17.368
2023-09-12,17.2553
2023-09-13,17.1055
2023-09-14,17.109
2023-09-15,17.068
2023-09-18,17.1116
2023-09-19,17.0624
2023-09-20,17.027
2023-09-21,17.1577
2023-09-22,17.1431
2023-09-25,17.3711
2023-09-26,17.4958
2023-09-27,17.703
2023-09-28,17.599
2023-09-29,17.4064
2023-10-02,17.5457
2023-10-03,17.9134
2023-10-04,17.9505
2023-10-05,18.319
2023-10-06,18.16
2023-10-09,.
2023-10-10,17.98
2023-10-11,17.819
2023-10-12,17.899
2023-10-13,18.0525
2023-10-16,17.9564
2023-10-17,17.9022
2023-10-18,18.2492
2023-10-19,18.286
2023-10-20,18.2152
2023-10-23,18.1033
2023-10-24,18.2818
2023-10-25,18.297
2023-10-26,18.1841
2023-10-27,18.0496
2023-10-30,18.021
2023-10-31,18.053
2023-11-01,17.946
2023-11-02,17.5908
2023-11-03,17.3706
2023-11-06,17.5236
2023-11-07,17.468
2023-11-08,17.4792
2023-11-09,17.4832
2023-11-10,.
2023-11-13,17.577
2023-11-14,17.401
2023-11-15,17.3256
2023-11-16,17.3019
2023-11-17,17.2099
2023-11-20,17.126
2023-11-21,17.2096
2023-11-22,17.2014
2023-11-23,.
2023-11-24,17.1255
2023-11-27,17.152
2023-11-28,17.118
2023-11-29,17.2022
2023-11-30,17.3758
2023-12-01,17.2032
2023-12-04,17.4136
2023-12-05,17.4726
2023-12-06,17.2642
2023-12-07,17.4351
2023-12-08,17.3809
2023-12-11,17.423
2023-12-12,17.2989
2023-12-13,17.4146
2023-12-14,17.2848
2023-12-15,17.181
2023-12-18,17.2043
2023-12-19,17.073
2023-12-20,17.078
2023-12-21,17.0534
2023-12-22,16.983
2023-12-25,.
2023-12-26,16.9675
2023-12-27,16.9138
2023-12-28,16.909
2023-12-29,16.8998
2024-01-01,.
2024-01-02,17.014
2024-01-03,17.056
2024-01-04,17.048
2024-01-05,16.9141
2024-01-08,16.803
2024-01-09,16.936
2024-01-10,16.988
2024-01-11,16.9867
2024-01-12,16.851
2024-01-15,.
2024-01-16,17.1499
2024-01-17,17.265
2024-01-18,17.2035
2024-01-19,17.116
2024-01-22,17.1342
2024-01-23,17.362
2024-01-24,17.159
2024-01-25,17.2283
2024-01-26,17.1442
2024-01-29,17.2418
2024-01-30,17.1794
2024-01-31,17.1762
2024-02-01,17.102
2024-02-02,17.155
2024-02-05,17.168
2024-02-06,17.0265
2024-02-07,17.043
2024-02-08,17.1182
2024-02-09,17.0937
2024-02-12,17.0591
2024-02-13,17.202
2024-02-14,17.097
2024-02-15,17.081
2024-02-16,17.062
2024-02-19,.
2024-02-20,17.0444
2024-02-21,17.058
2024-02-22,17.133
2024-02-23,17.1034
2024-02-26,17.1077
2024-02-27,17.0716
2024-02-28,17.0896
2024-02-29,17.058
2024-03-01,17.0055
2024-03-04,16.9628
2024-03-05,16.9287
2024-03-06,16.861
2024-03-07,16.8688
2024-03-08,16.8082
2024-03-11,16.8134
2024-03-12,16.8281
2024-03-13,16.73
2024-03-14,16.694
2024-03-15,16.6889
2024-03-18,16.784
2024-03-19,16.842
2024-03-20,16.7713
2024-03-21,16.739
2024-03-22,16.7249
2024-03-25,16.7097
2024-03-26,16.687
2024-03-27,16.537
2024-03-28,16.613
2024-03-29,16.5574
2024-04-01,16.656
2024-04-02,16.5727
2024-04-03,16.549
2024-04-04,16.5076
2024-04-05,16.4809
2024-04-08,16.325
2024-04-09,16.3579
2024-04-10,16.5073
2024-04-11,16.4345
2024-04-12,16.6577
2024-04-15,16.639
2024-04-16,16.9944
2024-04-17,16.9775
2024-04-18,17.1169
2024-04-19,17.2062
2024-04-22,17.118
2024-04-23,17.0097
2024-04-24,17.101
2024-04-25,17.185
2024-04-26,17.1436
2024-04-29,17.0137
2024-04-30,17.0642
2024-05-01,17.0204
2024-05-02,16.9286
2024-05-03,17.032
2024-05-06,16.9016
2024-05-07,16.908
2024-05-08,16.9039
2024-05-09,16.859
2024-05-10,16.765
2024-05-13,16.807
2024-05-14,16.8402
2024-05-15,16.6831
2024-05-16,16.6839
2024-05-17,16.6162
2024-05-20,16.5621
2024-05-21,16.5946
2024-05-22,16.6206
2024-05-23,16.7065
2024-05-24,16.6813
2024-05-27,.
2024-05-28,16.7039
2024-05-29,16.937
2024-05-30,16.9232
2024-05-31,16.994
2024-06-03,17.578
2024-06-04,17.858
2024-06-05,17.534
2024-06-06,17.5212
2024-06-07,18.2662
2024-06-10,18.404
2024-06-11,18.435
2024-06-12,18.739
2024-06-13,18.5611
2024-06-14,18.4519
2024-06-17,18.4897
2024-06-18,18.3918
2024-06-19,.
2024-06-20,18.395
2024-06-21,18.1995
2024-06-24,18.0039
2024-06-25,18.125
2024-06-26,18.1658
2024-06-27,18.318
2024-06-28,18.261
2024-07-01,18.386
2024-07-02,18.2249
2024-07-03,18.1141
2024-07-04,.
2024-07-05,18.087
2024-07-08,17.9935
2024-07-09,17.9441
2024-07-10,17.8331
2024-07-11,17.8318
2024-07-12,17.653
2024-07-15,17.766
2024-07-16,17.659
2024-07-17,17.7487
2024-07-18,17.8452
2024-07-19,17.9387
2024-07-22,17.926
2024-07-23,18.0738
2024-07-24,18.3789
2024-07-25,18.3491
2024-07-26,18.396
2024-07-29,18.6591
2024-07-30,18.7983
2024-07-31,18.5975
2024-08-01,18.6418
2024-08-02,18.9991
2024-08-05,19.445
2024-08-06,19.3187
2024-08-07,19.1741
2024-08-08,19.113
2024-08-09,18.8245
2024-08-12,18.994
2024-08-13,19.0499
2024-08-14,18.8242
2024-08-15,18.6539
2024-08-16,18.6169
2024-08-19,18.7425
2024-08-20,18.8923
2024-08-21,19.191
2024-08-22,19.437
2024-08-23,19.094
2024-08-26,19.405
2024-08-27,19.6486
2024-08-28,19.5288
2024-08-29,19.788
2024-08-30,19.6576
2024-09-02,.
2024-09-03,19.83
2024-09-04,19.8161
2024-09-05,19.9926
2024-09-06,20.0399
